Woreda ,Kebele,Village name,Name of water scheme,Latitude,Longitude,Elevation,Photo,Type of water source,Total # of users,# of male users,# of female users,
D/Ellias,Gofchima,seqeregne,Gofchim deep wel,10.320789999999999,37.38431666666667,2129.8,https://akvoflow-23.s3.amazonaws.com/images/7d99deaa-a993-4fcc-9daf-36f7b8f33c7a.jpg,Deep Borehole,7200,3608,3592,
Machakel,Amarieyewubish,Amarie Yewbesh,Amarie Yewbesh LSPD,10.494508389383554,37.534082690253854,2241.0,https://akvoflow-23.s3.amazonaws.com/images/a15a8885-53c8-479b-8d64-a5bbc7abbf5c.jpg,Spring,2218,1065,1153,
D/Ellias,chago,dereba,chago dereba shallow well,10.230665230192244,37.319144289940596,2251.0,https://akvoflow-23.s3.amazonaws.com/images/910f5580-efec-4c53-83ea-83783e4c7099.jpg,Shallow Borehole,625,300,325,
D/Ellias,Guay,mayat,mayat shallow well,10.299389292486012,37.3277489002794,2120.0,https://akvoflow-23.s3.amazonaws.com/images/1be49693-84ce-493f-aa48-83b3e8d65e57.jpg,Shallow Borehole,710,341,369,
Aneded,yewebi,Chifrig,Yewbi shallow well,10.276320492848754,37.7781883534044,2446.0,https://akvoflow-23.s3.amazonaws.com/images/7e6ec581-3cdb-4e11-8242-05938985c429.jpg,Shallow Borehole,158,86,72,
Aneded,,Nifasam,Nifasam,10.276717250235379,37.82944302074611,2292.0,https://akvoflow-23.s3.amazonaws.com/images/480b139d-bc7c-4c2a-8130-c51ce6b13b05.jpg,Deep Borehole,3850,2004,1846,
Aneded,amber zuri,yebedad,yebedad,10.213938346132636,37.841897858306766,2313.0,https://akvoflow-23.s3.amazonaws.com/images/cd918b9c-4eb2-4265-94dd-9f1b4de0d43a.jpg,Shallow Borehole,118,58,60,
D/Ellias,Degolima,megalbure,megalbure shallow well,10.322562237270176,37.3173344694078,2089.0,https://akvoflow-23.s3.amazonaws.com/images/a8c7a6af-1254-484f-b339-3ecbdaca94eb.jpg,Shallow Borehole,645,310,335,
D/Ellias,Yeguarat,wonbeb,wonbeb shallow well,10.206923908554018,37.481485242024064,2076.0,https://akvoflow-23.s3.amazonaws.com/images/cb9c6b74-dd20-4764-9e58-47f417f26e5c.jpg,Shallow Borehole,406,196,210,
D/Ellias,Yeguarat,yeguarat,yeguarat primary school shallow well,10.230174721218646,37.47574699111283,2178.0,https://akvoflow-23.s3.amazonaws.com/images/b75ae9ba-a615-4055-90ec-7eefcd04c621.jpg,Shallow Borehole,1460,717,743,
D/Ellias,Degolima,chewa degolima,chewa degolima shallow well,10.332169742323458,37.33363341540098,2123.0,https://akvoflow-23.s3.amazonaws.com/images/ade344bd-c8df-42e4-a908-f7b3e50e2140.jpg,Shallow Borehole,484,251,233,
Sinan,Yeted,kosowoha,kosowoha,10.460637412033975,37.721820808947086,2589.0,https://akvoflow-23.s3.amazonaws.com/images/f2fc842e-fbce-4550-a276-8fda39b3398f.jpg,Shallow Borehole,205,101,104,
Sinan,,abanadew,abanadew,10.627750181593001,37.814605962485075,3435.0,https://akvoflow-23.s3.amazonaws.com/images/bd8ed789-c8e0-4e06-9837-d1d99f1dccc0.jpg,Spring,1266,626,640,
Machakel,,yewubet,yewubet,10.376297947950661,37.56664093583822,2170.0,https://akvoflow-23.s3.amazonaws.com/images/2428cb5e-8383-48d6-9446-5c0d1585a830.jpg,Shallow Borehole,137,66,71,
Gozamen,,libanos,libanos primary school shallow well,10.262028467841446,37.655881298705935,2240.0,https://akvoflow-23.s3.amazonaws.com/images/e0054da1-414d-46f4-a230-624dddc18803.jpg,Shallow Borehole,1758,929,829,
D/Ellias,Dejiba,Logia,Shallow well,10.243042702786624,37.42812688462436,2170.0,https://akvoflow-23.s3.amazonaws.com/images/4ed020c7-c364-493a-966a-d92da2f5df2e.jpg,Shallow Borehole,252,126,126,
Aneded,yewush,adere,yewush kebele adere shallow well,10.176460426300764,37.816626420244575,2293.0,https://akvoflow-23.s3.amazonaws.com/images/f4efe698-458a-44fd-805b-108c748d708e.jpg,Shallow Borehole,316,173,143,
Aneded,amber zuri,kotkot,amber zurya kotkot shallow well,10.223803971894085,37.83910769037902,2353.0,https://akvoflow-23.s3.amazonaws.com/images/87245597-2686-48e4-9137-fff21155e180.jpg,Shallow Borehole,225,111,114,
Aneded,Adisge,denigago,adisge dengago shallow well,10.157738523557782,37.85268117673695,2382.0,https://akvoflow-23.s3.amazonaws.com/images/ddda7480-86ac-42e8-aa3a-bf08a7cdcad1.jpg,Shallow Borehole,150,74,76,
Gozamen,Yebokila,yebokila,yebokila LSPD,10.459651490673423,37.88920724764466,2684.0,https://akvoflow-23.s3.amazonaws.com/images/230009e7-67c6-4b40-85ef-82dd2c05b453.jpg,Spring,13189,6618,6571,
Machakel,Gobatakina,Yebuya,Yebuya School Shallow well,10.45377975795418,37.382495971396565,2010.0,https://akvoflow-23.s3.amazonaws.com/images/6bcc4972-538a-4a94-b1e3-d2555246ab37.jpg,Shallow Borehole,215,138,77,
Machakel,Gobatakina,Yebot,Yebot Shallow well,10.434221592731774,37.40496148355305,2107.0,https://akvoflow-23.s3.amazonaws.com/images/a54b8fb6-eb92-409a-b95b-69d6327416b3.jpg,Shallow Borehole,450,220,230,
Machakel,Abebyenurie,Yenezerit,Yenezerit Shallow well,10.468209539540112,37.53222023136914,2232.0,https://akvoflow-23.s3.amazonaws.com/images/9fa900ce-2d5a-4676-ba24-1e46f57c96a2.jpg,Shallow Borehole,176,98,78,
Machakel,Yewula,Yedenguna,Yedenguna Shallow well,10.393878696486354,37.4922850728035,2138.0,https://akvoflow-23.s3.amazonaws.com/images/1a2f03d4-24ab-4fe7-8202-7bc88bb40b8c.jpg,Shallow Borehole,120,78,42,
Machakel,,Enemay,Enemay Shallow well,10.380558972246945,37.5298130325973,2132.0,https://akvoflow-23.s3.amazonaws.com/images/3ea6d9aa-57ff-40d5-b040-71539fc53d44.jpg,Shallow Borehole,187,109,78,
Machakel,Shelel,Mekit,Mekit Shallow well,10.576766794547439,37.589443400502205,2158.0,https://akvoflow-23.s3.amazonaws.com/images/8f35097e-0962-4124-85bf-5c322f0d59f6.jpg,Shallow Borehole,525,257,268,
Gozamen,Chertekel,wojet,wojet shallow Well,10.268307602964342,37.558111594989896,2217.0,https://akvoflow-23.s3.amazonaws.com/images/ca72afad-d1f0-4b88-af20-8eea6bfbdd57.jpg,Shallow Borehole,439,215,224,
Gozamen,Asab Abona Desa,Aneshet,Aneshet Spring Mentinance,10.355206565000117,37.58954809047282,2277.0,https://akvoflow-23.s3.amazonaws.com/images/a39dd6af-04f0-4613-bdff-47a514f842be.jpg,Spring,299,147,152,
Aneded,yewebi,yewubet,yewbi Shallow Well,10.28124326840043,37.77910776436329,2482.0,https://akvoflow-23.s3.amazonaws.com/images/8508da23-1311-4461-a5ba-1b73fbb75144.jpg,Shallow Borehole,275,146,129,
Aneded,enaskay,Enaskay,Enaskay Shallow Well,10.312811736948788,37.89389633573592,2482.0,https://akvoflow-23.s3.amazonaws.com/images/b18f0991-eb30-4272-b29e-39b0342feea3.jpg,Shallow Borehole,316,173,143,
Sinan,Tach chabi,Tach Chabi/Debir Mewat/,Tach Chabi /Debir mewat/Shallow Well,10.534546666666666,37.728854999999996,2746.7,https://akvoflow-23.s3.amazonaws.com/images/7506a4cd-fe62-437a-8d8b-46f8298a5141.jpg,Shallow Borehole,340,167,173,
Sinan,Gedamawit,Gedamawit/Gumzegen/,Gedamawit /Gumzegen/Shallow Well,10.545045,37.771224999999994,2913.6,https://akvoflow-23.s3.amazonaws.com/images/3c70894a-3e3e-4804-b146-446b3e5c7039.jpg,Shallow Borehole,344,168,176,
Sinan,Yeted,Yeted,Yeted Deep Well,10.478301666666669,37.730291666666666,2595.4,https://akvoflow-23.s3.amazonaws.com/images/444cecac-cb5e-4ffd-816b-b4300e690c5a.jpg,Deep Borehole,4862,2448,2414,
Machakel,kerer,tej yishal,tej yishal,10.355927618220448,37.51596855930984,2162.0,https://akvoflow-23.s3.amazonaws.com/images/1f20de9a-243b-456c-bd16-21974cc9fbbc.jpg,Shallow Borehole,144,63,81,
Machakel,kerer,Yekich,Yekich,10.361441192217171,37.50969244167209,2175.0,https://akvoflow-23.s3.amazonaws.com/images/dcdb64d5-f4f1-4994-80bd-40f4ddd8eb56.jpg,Shallow Borehole,292,136,156,
Aneded,yewush,Yegafat,Yegafat Shallow Well,10.141023333333333,37.82414833333333,2295.2,https://akvoflow-23.s3.amazonaws.com/images/1667a334-31d5-4849-b296-d4c37f06324d.jpg,Shallow Borehole,445,263,182,
Aneded,yewush,Anfurch,Anfurch Shallow Well,10.138005,37.843226666666666,2342.6,https://akvoflow-23.s3.amazonaws.com/images/86b29637-7c73-40e5-af26-5db63bfdd0dc.jpg,Shallow Borehole,218,103,115,
Machakel,Embuli tahsas dar,Debir,Debir,10.471065882593393,37.50927686691284,2241.0,https://akvoflow-23.s3.amazonaws.com/images/c19364d3-9b16-4360-9fdd-aeb52b894c35.jpg,Shallow Borehole,160,72,88,
Gozamen,Chimit,yegot,chimit Shallow Well,10.193318612873554,37.596693243831396,2080.0,https://akvoflow-23.s3.amazonaws.com/images/ec1e6dd2-d9f7-41d6-891f-f82ab0658a9b.jpg,Shallow Borehole,344,171,173,
Gozamen,Giraram,Amo Yegudiba,Geraram  Shallow Well,10.41183344554156,37.82770344056189,2518.0,https://akvoflow-23.s3.amazonaws.com/images/3595a860-e122-432f-b2a1-ab3b9b6c41cb.jpg,Shallow Borehole,720,353,367,
Gozamen,Enarata,enerata small town,enerata shallow well,10.413525667972863,37.738292422145605,2493.0,https://akvoflow-23.s3.amazonaws.com/images/4f7c4899-eb40-438d-9439-39176afc1825.jpg,Shallow Borehole,134,76,58,
Aneded,amber zuri,Lay Getem,Lay Getem Shallow Well,10.294144999999999,37.863515,2467.3,https://akvoflow-23.s3.amazonaws.com/images/0f926d8a-b9f4-4b26-9e8b-a4e32c2a5f18.jpg,Shallow Borehole,345,170,175,
Gozamen,Giraram,yeguldban,yeguldiban shallow well,10.403532218188047,37.817021794617176,2429.0,https://akvoflow-23.s3.amazonaws.com/images/534229c5-180f-47e6-b86f-e177b1609cb1.jpg,Shallow Borehole,408,196,212,
Gozamen,Yenebirina,mahlan,mahlan shallow well,10.39138914551586,37.81516168266535,2458.0,https://akvoflow-23.s3.amazonaws.com/images/dfe20dd3-dcff-49d2-bcae-622b7020581a.jpg,Shallow Borehole,1109,533,576,
Gozamen,Yenebirina,Aset,Aset  shallow well,10.37380885798484,37.79656601138413,2409.0,https://akvoflow-23.s3.amazonaws.com/images/28fafe46-3a3b-4a13-8513-7d1a8a64edb5.jpg,Shallow Borehole,236,116,120,
Gozamen,Addisina Gulit,kuch shay,kuch shay shallow well,10.348740848712623,37.61866698972881,2205.0,https://akvoflow-23.s3.amazonaws.com/images/210af400-0e9c-4a09-8974-34d160660858.jpg,Shallow Borehole,408,198,210,
Gozamen,Asab Abona Desa,yegosh kend,yegosh kend shallow well,10.338400471955538,37.57024163380265,2189.0,https://akvoflow-23.s3.amazonaws.com/images/0a70edea-de02-4b2e-9eff-059ef0332d37.jpg,Shallow Borehole,414,199,215,
Gozamen,Asab Abona Desa,woham,woham shallow well,10.33353800419718,37.56482608616352,2177.0,https://akvoflow-23.s3.amazonaws.com/images/8c942186-dc29-4082-8cbb-2234b0e857f8.jpg,Shallow Borehole,383,188,195,
Gozamen,Giraram,mekaleya,mekaleya Shallow Well,10.402179840020835,37.827271772548556,2478.0,https://akvoflow-23.s3.amazonaws.com/images/5b3e5163-b5f2-42e0-8b81-ee289081c170.jpg,Shallow Borehole,684,356,328,
Gozamen,Enarata,melit,melit spd Maintainanc,10.43363624252379,37.72967515513301,2349.0,https://akvoflow-23.s3.amazonaws.com/images/1cc8502a-fa5c-4434-b890-2a24e3cebe7a.jpg,Spring,302,145,157,
Gozamen,Deledel,Kochal,Kochal shallow Well,10.284544019959867,37.51981711015105,2190.0,https://akvoflow-23.s3.amazonaws.com/images/044fa8f2-2286-43f4-adcb-a92c8e81248d.jpg,Shallow Borehole,215,107,108,
Gozamen,Deledel,Geyema,Geyema Shallow Well,10.27974093798548,37.50598940066993,2195.0,https://akvoflow-23.s3.amazonaws.com/images/527da792-3b76-4099-b22e-b41b1af7e1ff.jpg,Shallow Borehole,576,282,294,
Gozamen,Deledel,Alkimit,Alikimine shallow Well,10.269315065816045,37.5276165548712,2171.0,https://akvoflow-23.s3.amazonaws.com/images/4285e0c6-a0ed-452e-aa74-3e01072e10e0.jpg,Shallow Borehole,311,153,158,
Gozamen,Aba Libanos,yebabat,yebabat Shallow Well,10.274431882426143,37.67125245183706,2245.0,https://akvoflow-23.s3.amazonaws.com/images/4e720eea-ce5b-43e0-8a3c-7cb53d92d3ea.jpg,Shallow Borehole,284,139,145,
Gozamen,Aba Libanos,layyebabat,layyebabat Shallow Well,10.274772103875875,37.674142783507705,2241.0,https://akvoflow-23.s3.amazonaws.com/images/8860f0d9-b9ff-4f68-968e-50bd0bfb185d.jpg,Shallow Borehole,315,154,161,
Gozamen,Chimit,tach Amba,tach Amba Shallow Well,10.18679351080209,37.58193447254598,2084.0,https://akvoflow-23.s3.amazonaws.com/images/1412bfc6-9e8f-42a4-ab69-5761e9aaa1ba.jpg,Shallow Borehole,356,175,181,
Aneded,misilewash,Misilewash,Mislewash Deep Well,10.393586666666666,37.86428166666667,2403.5,https://akvoflow-23.s3.amazonaws.com/images/ca0d2128-c7de-4cf6-af2a-74835e5f841a.jpg,Deep Borehole,3473,1671,1802,
Machakel,Gobatakina,Menaharia,Gobatakina (menaharia) Deepwell,10.447815153747797,37.41747080348432,2134.0,https://akvoflow-23.s3.amazonaws.com/images/a5db7a0a-e7a5-42e8-af9a-6bede01a186e.jpg,Deep Borehole,4070,1962,2108,
Gozamen,Enarata,yebragie,Yebragie  Shallow Well,10.393635956570506,37.74964202195406,2422.0,https://akvoflow-23.s3.amazonaws.com/images/2ef8f2d6-d8d9-4cc3-9738-f950b66e365d.jpg,Shallow Borehole,675,344,331,
Gozamen,Kenge Abo Amesha,Milite,Milite Shallow Well,10.47820852138102,37.86214577034116,2847.0,https://akvoflow-23.s3.amazonaws.com/images/eea69faa-0078-4f77-897f-fe38399646d0.jpg,Shallow Borehole,640,300,340,
Machakel,Gobatakina,Debir,Debir,10.462209186516702,37.426499370485544,2094.0,https://akvoflow-23.s3.amazonaws.com/images/42644413-0f0f-47e5-8011-b0341d496675.jpg,Shallow Borehole,150,69,81,
Machakel,Embuli tahsas dar,Debir seferaw,Debir seferaw,10.470974813215435,37.50925867818296,2231.0,https://akvoflow-23.s3.amazonaws.com/images/d4481d2f-a48e-4978-b60c-6d337d3653f5.jpg,Shallow Borehole,160,72,88,
Machakel,Debrekelemo,Giraramiba,Giraramiba,10.512340175919235,37.60977144353092,2462.0,https://akvoflow-23.s3.amazonaws.com/images/fb6c9b3d-f5dd-4a99-9cf2-a48b6bdd0fa0.jpg,Shallow Borehole,160,75,85,
Aneded,Adisge,Dengago,Dengago Shallo Well,10.159281666666667,37.852936666666665,2355.3,https://akvoflow-23.s3.amazonaws.com/images/f2a133fc-70d9-40ec-9cda-dd44e7ad6498.jpg,Shallow Borehole,150,74,76,
Aneded,yewush,Mehal Amba,Mehal Amba Shallow Well,10.159983333333335,37.81587666666667,2325.1,https://akvoflow-23.s3.amazonaws.com/images/a9e0f811-f8d4-4cbe-8d3b-514045b1f18a.jpg,Shallow Borehole,271,130,141,
Aneded,amber zuri,Mita,Mita Shallow Well,10.192398333333333,37.82512333333333,2287.8,https://akvoflow-23.s3.amazonaws.com/images/0b9c27d6-8f6d-450b-a37c-5650f8334a09.jpg,Shallow Borehole,249,119,130,
Aneded,amber zuri,Goshamba,Goshamba Shallow Well,10.209521666666665,37.84007833333333,2324.5,https://akvoflow-23.s3.amazonaws.com/images/d910252c-a65b-47ea-a389-754f47f56ac5.jpg,Shallow Borehole,288,139,149,
Aneded,Adisge,Yegebas,Yegebas Shallow Well,10.179076666666667,37.84954666666667,2311.1,https://akvoflow-23.s3.amazonaws.com/images/db22bf1d-2e15-4e80-bcb3-d163887b44a3.jpg,Shallow Borehole,309,149,160,
Aneded,yewush,Sintef,Sintef Shallow Well,10.153926666666667,37.82175333333333,2316.7,https://akvoflow-23.s3.amazonaws.com/images/c19c2166-e690-4967-96c4-e3a205db5894.jpg,Shallow Borehole,280,131,149,
Gozamen,Demba,demba,denba Shallow Well maintainance,10.210870821028948,37.64277468435466,2149.0,https://akvoflow-23.s3.amazonaws.com/images/ce1d8f43-bfef-4746-afce-6f714076c5c4.jpg,Shallow Borehole,159,73,86,
Aneded,daget,Lay Amba,Lay Amba Shallow Well,10.319536666666666,37.86310666666667,2486.2,https://akvoflow-23.s3.amazonaws.com/images/c7a0d28d-175b-4602-ae8f-571d352402b4.jpg,Shallow Borehole,368,177,191,
Aneded,enaskay,Yeborkan,Yeborqan Shallow Well,10.291148333333332,37.88023333333333,2492.4,https://akvoflow-23.s3.amazonaws.com/images/1dbaec44-f37b-448c-89c5-c585d2bcd2b0.jpg,Shallow Borehole,310,152,158,
Aneded,enaskay,Ambo,Ambo Shallow Well,10.311006666666666,37.88554666666666,2494.6,https://akvoflow-23.s3.amazonaws.com/images/9db953d7-b086-4538-ace3-20055f25a7dd.jpg,Shallow Borehole,280,137,143,
Aneded,amber zuri,Lay Amba,Yemegej/Ziba Shallow Well,10.294311666666665,37.86325,2483.7,https://akvoflow-23.s3.amazonaws.com/images/62781120-7ec9-48b2-881f-ee4cadd365ca.jpg,Shallow Borehole,345,170,175,
Aneded,Chendefo,Aydebs Lay Sereb,Aydebs Lay Sereb Shallow Well,10.172323333333333,37.93209,2370.2,https://akvoflow-23.s3.amazonaws.com/images/1f6a9a48-7a04-4f98-986d-a0c4ca46200d.jpg,Shallow Borehole,350,160,182,
Aneded,enaskay,Yelamchika/Kogna,Yelamchika/Kogna Shallow Well,10.322413333333333,37.89861166666667,2498.0,https://akvoflow-23.s3.amazonaws.com/images/96a33902-8c11-453c-9de1-3b07a89db304.jpg,Shallow Borehole,205,99,106,
Aneded,enaskay,Awujer,Awujer Shallow Well,10.311123333333335,37.898585000000004,2491.8,https://akvoflow-23.s3.amazonaws.com/images/b051d37a-4950-4329-96ed-a56510351890.jpg,Shallow Borehole,330,162,168,
Machakel,Yewula,Yejagod,Yejagod mentenabce shallow well,10.382032175548375,37.54835153929889,2164.0,https://akvoflow-23.s3.amazonaws.com/images/db965453-859f-4dd0-b1ff-c769c8bfe08c.jpg,Shallow Borehole,140,67,73,
Gozamen,Chimit,yedenbor,yedenbor shallow well,10.210090926848352,37.619267804548144,7282.0,https://akvoflow-23.s3.amazonaws.com/images/b9f1511d-2626-48c8-9efa-f43cdc88888f.jpg,Shallow Borehole,430,214,216,
Gozamen,Chimit,Enemay,Enemay shallow well,10.191408796235919,37.587367286905646,2069.0,https://akvoflow-23.s3.amazonaws.com/images/aed53172-e6bc-4438-99dd-34ef8236ff54.jpg,Shallow Borehole,744,357,387,
Gozamen,Enarata,melit,enerata melit shallow well,10.423557213507593,37.72978135384619,2471.0,https://akvoflow-23.s3.amazonaws.com/images/ed37645e-455f-49ad-9d23-58712c984470.jpg,Shallow Borehole,86,43,43,
D/Ellias,chago,wemebrema,Chago LSPD,10.23737485986203,37.358851628378034,115.0,https://akvoflow-23.s3.amazonaws.com/images/b8267f6b-40fc-4d4f-be83-0a9da33dbac4.jpg,Spring,5728,2750,2978,
Aneded,Wenga nef,Yewadan,Yewadan Shallow Well,10.253031666666667,37.808391666666665,2363.8,https://akvoflow-23.s3.amazonaws.com/images/38068211-605f-4dc5-9f93-a2ac44c6e610.jpg,Shallow Borehole,262,128,134,
Aneded,Wenga nef,Jemat,Jemat Shallow Well,10.263453333333333,37.811675,2331.6,https://akvoflow-23.s3.amazonaws.com/images/8e3374f5-0e19-45ca-9344-a5f98c2d5b92.jpg,Shallow Borehole,166,80,86,
Aneded,Adisge,Degbahir,Degbahir Shallow Well,10.14595,37.849180000000004,2349.2,https://akvoflow-23.s3.amazonaws.com/images/78dde7bd-36b4-4c7f-aaec-86b4b8110b80.jpg,Shallow Borehole,378,182,193,
Machakel,Yewula,Timbirbira,Timbirbira Shallow well,10.399340763688087,37.532047145068645,2165.0,https://akvoflow-23.s3.amazonaws.com/images/4f7c63bf-ead6-4b4e-89a7-02ad43111937.jpg,Shallow Borehole,139,64,75,
Sinan,Yeted,Edo,Edo spring development,10.477314423769712,37.74942375719547,2604.0,https://akvoflow-23.s3.amazonaws.com/images/42f2943c-40db-4757-851b-25c5fe003c5c.jpg,Spring,150,75,75,
Sinan,Gedamawit,Gebreil,Gebreil school  spring development,10.54291492793709,37.79339672997594,2739.0,https://akvoflow-23.s3.amazonaws.com/images/69761110-afd6-4d39-9e64-450ad3c0b9d2.jpg,Spring,104,64,40,
Sinan,Zilan,wudmo,Kechemina spring development,10.537310955114663,37.79071963392198,2729.0,https://akvoflow-23.s3.amazonaws.com/images/dd82b85d-a377-4309-8ad9-39cb8d830278.jpg,Spring,67,39,28,
Sinan,Weleke,Wenber Yedeman,Debir Hand Dug wall,10.533719728700817,37.6970774307847,2703.0,https://akvoflow-23.s3.amazonaws.com/images/58e61eaf-0692-494b-b47d-f091360e4733.jpg,Hand dug well,83,41,42,
Sinan,Weleke,sindema,Wero Small Spring,10.483199274167418,37.68007021397352,2272.0,https://akvoflow-23.s3.amazonaws.com/images/57ff6838-b5e3-4781-9f8e-3a5cb50d926f.jpg,Spring,49,23,26,
Machakel,kerer,Dijil Medihanelem,Dijil Medihanialem,10.34233673941344,37.532207407057285,2191.0,https://akvoflow-23.s3.amazonaws.com/images/ecb0bf09-62d5-4d46-9103-806bade67830.jpg,Shallow Borehole,450,216,234,
Machakel,Debrekelemo,Mesik Amiba,Mesik Amiba Shallow Well,10.537086194381118,37.63021582737565,2489.0,https://akvoflow-23.s3.amazonaws.com/images/89970b71-a0df-4a15-8d73-c6d8703444f6.jpg,Shallow Borehole,114,68,46,
Machakel,Kuashiba,Abiyin,Abiyin Shallow well,10.460252515040338,37.481006719172,2093.0,https://akvoflow-23.s3.amazonaws.com/images/6f23081f-5495-4328-babd-cc9705c3414a.jpg,Shallow Borehole,242,161,81,
Machakel,Yedefas,Tachamiba,Tachamiba Shallow well,10.425916048698127,37.448098696768284,2126.0,https://akvoflow-23.s3.amazonaws.com/images/f38e08e7-d7dc-44fe-82bf-f0b270b1fab1.jpg,Shallow Borehole,186,77,99,
Machakel,Gobatakina,Yenebirina,Yenbirina Shallow well,10.4410785343498,37.453313833102584,2129.0,https://akvoflow-23.s3.amazonaws.com/images/cbed2e09-32ab-48c6-a30a-877881a9b49e.jpg,Shallow Borehole,207,108,99,
Machakel,Girum,Berbenzima,Berbenzima Shallow well,10.401178328320384,37.32944707386196,1990.0,https://akvoflow-23.s3.amazonaws.com/images/fa83fbbc-da5b-4aac-a9fc-30eedb70a2ef.jpg,Shallow Borehole,100,165,166,
Machakel,Minich Yekesit,Zigima,Zigima Shallow welll,10.428916015662253,37.343430602923036,2028.0,https://akvoflow-23.s3.amazonaws.com/images/4e417f48-5e80-4d90-a4fe-d8daa0d05be9.jpg,Shallow Borehole,600,320,280,
Machakel,Minich Yekesit,Bediltin,Bediltin Shallow well,10.432363827712834,37.346375081688166,2029.0,https://akvoflow-23.s3.amazonaws.com/images/5e33b44b-1e35-4cb1-82a9-4becfb26fd61.jpg,Shallow Borehole,380,180,200,
Sinan,Gedamawit,Megeran,Tach Mender HDW,10.556177319958806,37.735591772943735,2788.0,https://akvoflow-23.s3.amazonaws.com/images/163d1794-54a8-4b97-9055-dbe3200caa3d.jpg,Hand dug well,137,63,74,
Sinan,Gedamawit,Dimbilez,Dembilez Hand Dug wall,10.560923614539206,37.749318312853575,2887.0,https://akvoflow-23.s3.amazonaws.com/images/565c3665-7eb3-4c4b-8d66-8ba3fabe5b38.jpg,Hand dug well,102,47,55,
Sinan,Yeted,Yedeman Village,Mengededur Hand dug Wall,10.484166336245835,37.7193265222013,2624.0,https://akvoflow-23.s3.amazonaws.com/images/5cf6b7e5-1856-4e59-96de-5fdbde9cd3fd.jpg,Hand dug well,100,51,49,
Sinan,Yeted,Adiss alem,Adiss alem Hand dug wall,10.48708810005337,37.72419422864914,2655.0,https://akvoflow-23.s3.amazonaws.com/images/8e34c98f-a82c-4eda-89f6-163233b356b9.jpg,Hand dug well,43,24,19,
Machakel,Shelel,Betika Shote,Betika Shote Schhol,10.568630564957857,37.61474585160613,2194.0,https://akvoflow-23.s3.amazonaws.com/images/a2ad7d33-2b37-42c3-b881-3b5abd0f356e.jpg,Shallow Borehole,140,80,60,
Machakel,Shelel,Betika Shote,Betika Shote Shallow Well,10.573432766832411,37.61944307014346,2159.0,https://akvoflow-23.s3.amazonaws.com/images/dd5bcb65-7e1f-42a9-8d53-bc1e53b024e7.jpg,Shallow Borehole,50,40,45,
Gozamen,Addisina Gulit,fendika,fendika Deep Well,10.363923367112875,37.65567007474601,2212.0,https://akvoflow-23.s3.amazonaws.com/images/569e0a68-0c9d-4506-ba7a-00ac8581d178.jpg,Deep Borehole,8928,4428,4500,
Machakel,kerer,Kerer(Awar),Kerer (Awar) Shallow well,10.359424212947488,37.530441423878074,2171.0,https://akvoflow-23.s3.amazonaws.com/images/dc52f938-a000-40f2-ba68-dbcee8bef811.jpg,Shallow Borehole,215,105,115,
Sinan,Yeted,Gedam,Gedam HDW,10.484640000000002,37.73044,2615.7,https://akvoflow-23.s3.amazonaws.com/images/f6e7e84f-2942-4376-b9e9-a65ca7aedc3d.jpg,Hand dug well,67,36,31,
Sinan,Gidimbil,Washa,Washa HDW,10.455671666666667,37.69157,2552.0,https://akvoflow-23.s3.amazonaws.com/images/9be20e59-2ac5-4174-8582-74f827c99936.jpg,Hand dug well,50,22,28,
Sinan,Yeted,Tenkesmegn,Tenekesmegn HDW,10.483516666666667,37.750535,2579.9,https://akvoflow-23.s3.amazonaws.com/images/c8c1a12d-4d6d-40d8-8ac0-0f8fe74a64a4.jpg,Hand dug well,137,74,63,
Sinan,Amistya,kesawust,Kasawusit HDW,10.531118333333332,37.81705833333333,2987.7999999999997,https://akvoflow-23.s3.amazonaws.com/images/ef694502-8133-4d9c-a0d5-2106ab3c73f8.jpg,Hand dug well,64,30,34,
Sinan,Weleke,Rim,Rim HDW,10.520326666666666,37.70796333333333,2656.7999999999997,https://akvoflow-23.s3.amazonaws.com/images/c1dfa292-8dca-4fd8-a458-aeeb4a01d319.jpg,Hand dug well,56,33,23,
Sinan,Tach chabi,Dewaro,Girara HDW,10.552063333333335,37.703741666666666,2595.0,https://akvoflow-23.s3.amazonaws.com/images/10e9f208-fe32-448e-bcc8-920617db9a48.jpg,Hand dug well,79,33,46,
Sinan,Weleke,wenbere yedeman,Ayeltif spring development,10.540801666666669,37.694395,2655.4,https://akvoflow-23.s3.amazonaws.com/images/d86fee99-b704-468e-a8fb-02575c933339.jpg,Spring,73,53,40,
Sinan,Debre Zeyit,Debir,Godgouadit,10.469584999999999,37.79847666666667,2749.4,https://akvoflow-23.s3.amazonaws.com/images/3089ab49-c0fa-497e-92ff-371067648aa1.jpg,Hand dug well,135,71,64,
Machakel,Embuli tahsas dar,Chidamiba,Chidamiba Shallow well,10.468229153193533,37.51465452834964,2210.0,https://akvoflow-23.s3.amazonaws.com/images/0935c385-e479-4cda-ad70-affb43bf31b0.jpg,Shallow Borehole,220,205,215,
Machakel,Degasignit,Gidib Abo,Gidib Abo,10.581524698063731,37.666450291872025,2658.0,https://akvoflow-23.s3.amazonaws.com/images/067e54bf-3cc0-4611-a989-7b2cf21600e4.jpg,Shallow Borehole,140,75,65,
Machakel,Girakidamin,Yamir,Yamir Shallow well,10.425563086755574,37.49376389198005,2102.0,https://akvoflow-23.s3.amazonaws.com/images/1704c596-a415-4d0f-93de-e7a1f363bf24.jpg,Shallow Borehole,150,80,70,
Machakel,Shelel,Wosenaniba,Wesenaniba Shallow well,10.573468557558954,37.59172218851745,2160.0,https://akvoflow-23.s3.amazonaws.com/images/abb650dc-4fb4-4fc5-a2f8-b740ac833da9.jpg,Shallow Borehole,185,90,95,
Aneded,enaskay,yesendo,yesendo,10.320703333333334,37.88894166666667,2469.2,https://akvoflow-23.s3.amazonaws.com/images/be8245d3-5973-4ef1-862e-31ec1538c800.jpg,Shallow Borehole,137,65,72,
Machakel,Gobatakina,Girar Amiba,Girar Amiba shallow well,10.471532209776342,37.42315188981593,2091.0,https://akvoflow-23.s3.amazonaws.com/images/0e145740-3ff9-4296-8c02-642f4ceaf948.jpg,Shallow Borehole,184,95,89,
Sinan,Debre Zeyit,Melkuamba,Melkuamba HDW,10.465301666666669,37.81357833333333,2531.4,https://akvoflow-23.s3.amazonaws.com/images/5b96fc52-d89b-4c00-9397-fd4b154b7076.jpg,Hand dug well,59,33,26,
D/Ellias,Debre Ellieas,Gidan school,Gidan school,10.375493578612804,37.38645147532225,2112.0,https://akvoflow-23.s3.amazonaws.com/images/e55c5688-e7fd-4956-9e24-08bde328994b.jpg,Shallow Borehole,460,215,245,
D/Ellias,Degolima,Megal bure,Megal Bure Shallow Well mentenance,10.32328530214727,37.317613335326314,2082.0,https://akvoflow-23.s3.amazonaws.com/images/634f3279-428a-4174-992b-ff24dd5811c0.jpg,Shallow Borehole,540,260,280,
Aneded,enaskay,getela,getela shallow well,10.298464936204255,37.91757697239518,2461.0,https://akvoflow-23.s3.amazonaws.com/images/bbabebb0-a5e3-414f-aa8f-1bae6b5b5b95.jpg,Shallow Borehole,127,65,62,
Aneded,enaskay,shabal,shabal shallow well,10.300246886909008,37.898439075797796,2513.0,https://akvoflow-23.s3.amazonaws.com/images/0a29f339-f719-49c0-be0b-237e256df33d.jpg,Shallow Borehole,155,77,78,
Aneded,Chendefo,Lay Debel,Lay Debel shallow well,10.161157082766294,37.94832983985543,2399.0,https://akvoflow-23.s3.amazonaws.com/images/810f5459-7412-41cb-ba9d-f7d05fd4046f.jpg,Shallow Borehole,585,288,297,
Aneded,Amber,manqorquay,manqorquay,10.231453333333333,37.831334999999996,2342.6,https://akvoflow-23.s3.amazonaws.com/images/d2f2067c-d5b3-424d-805e-b96e1a589dac.jpg,Shallow Borehole,114,59,55,
Aneded,Sendeba,kayit,kayit,10.34317913,37.8721325,2490.8251953125,https://akvoflow-23.s3.amazonaws.com/images/c72bc27b-97fd-4f72-bfb6-5fe554d08e13.jpg,Shallow Borehole,344,166,178,
D/Ellias,Dejiba,Marzeneb,Marzeneb Deep well,10.26157949,37.42088667,2157.709716796875,https://akvoflow-23.s3.amazonaws.com/images/acba1d6f-1627-45ba-8363-8ad3288e74c3.jpg,Deep Borehole,4300,2050,2250,
D/Ellias,Yeguarat,Yegurat,kebele center shallow well,10.23498265,37.47679327,2174.3369140625,https://akvoflow-23.s3.amazonaws.com/images/0886f13d-b2d2-410f-bcf2-42f48fec0dc1.jpg,Shallow Borehole,600,270,330,
D/Ellias,Yekegat,Advar,Advar shallow well,10.29886686,37.41176808,2167.68994140625,https://akvoflow-23.s3.amazonaws.com/images/7fb93ee0-fa77-4552-b5d6-25068f7f7044.jpg,Shallow Borehole,172,97,75,
D/Ellias,Yeguarat,Giraram,giraram shallow well,10.26881949,37.47897496,2221.0634765625,https://akvoflow-23.s3.amazonaws.com/images/fef9768a-4e58-4f58-b707-49d946daa1e5.jpg,Shallow Borehole,350,158,192,
Machakel,kerer,Gomir Shetit,Gomir Shetit Shallow well,10.334878857247531,37.54379597492516,2192.0,https://akvoflow-23.s3.amazonaws.com/images/120bf303-11d4-4b69-b494-19cb8e73584f.jpg,Shallow Borehole,90,43,47,
Machakel,Girakidamin,Girakidamin,Girakidamin deep well,10.399799840524793,37.45357518084347,2108.0,https://akvoflow-23.s3.amazonaws.com/images/981c0640-fca4-4b6b-a0e7-d1451b2bb8b2.jpg,Deep Borehole,10562,5304,5228,
Sinan,Zilan,Kidusyohhanis,Zeroch HDW,10.500135,37.78234,2536.0,https://akvoflow-23.s3.amazonaws.com/images/e073de72-5fb9-449b-8bbc-311c97ae7360.jpg,Hand dug well,144,56,88,
Sinan,Zilan,kidusyohhanis,Foketu HDW,10.508531666666666,37.781531666666666,2614.2999999999997,https://akvoflow-23.s3.amazonaws.com/images/d9d7e0fa-4664-41a4-99ed-58907771f404.jpg,Hand dug well,135,69,66,
Sinan,Weleke,Debir,Enjor HDW,10.540586666666664,37.697916666666664,2752.2999999999997,https://akvoflow-23.s3.amazonaws.com/images/ee663506-56b7-4b51-9dd1-5504fd14e702.jpg,Hand dug well,76,33,43,
Sinan,Tach chabi,Zegebreal,Kulech HDW,10.510413333333334,37.72286333333333,2522.6,https://akvoflow-23.s3.amazonaws.com/images/7a1a646f-9b3a-42fa-874a-a481ab58169c.jpg,Hand dug well,86,40,46,
Gozamen,Giraram,Mekaleya,Mekaleya SW,10.40423339,37.82739783,2474.27490234375,https://akvoflow-23.s3.amazonaws.com/images/1e5216c2-baee-4a03-b52c-4f6ee2860996.jpg,Shallow Borehole,300,135,165,
Gozamen,Giraram,Koshekosh,Koshekosh SW,10.41466734,37.8195967,2485.209716796875,https://akvoflow-23.s3.amazonaws.com/images/a2946c0d-ba03-4fd8-9d56-de3b3f69d7fc.jpg,Shallow Borehole,325,150,175,
Gozamen,Asab Abona Desa,Tsom wuha,Tsom wuha SW,10.34539402,37.57732709,2184.232421875,https://akvoflow-23.s3.amazonaws.com/images/355f3ca4-93d9-476d-9ef4-ed29d7d88436.jpg,Shallow Borehole,250,120,130,
Sinan,Tach chabi,Neber Gedel,Arada HDW,10.55474,37.70085166666667,2533.6,https://akvoflow-23.s3.amazonaws.com/images/15d72b55-f0f4-457a-93b8-7c9e8b592c90.jpg,Hand dug well,137,69,68,
Sinan,Tach chabi,Neber Gedel,GebreMider HDW,10.556336666666668,37.70643333333333,2555.7,https://akvoflow-23.s3.amazonaws.com/images/276a88aa-8f6e-4b57-ae88-27eae48800fa.jpg,Hand dug well,126,63,63,
Sinan,Yeted,Kudad,Qetemaw HDW,10.497663333333332,37.73650166666666,2671.2999999999997,https://akvoflow-23.s3.amazonaws.com/images/5fa90ff0-35c1-426e-9cd5-b72def0687d4.jpg,Hand dug well,130,69,61,
Gozamen,Giraram,Koshekosh,Koshekosh SW,10.41485706,37.8196628,2447.425537109375,https://akvoflow-23.s3.amazonaws.com/images/c04a1801-5e54-4cef-b72a-66d3ef34cfd2.jpg,Shallow Borehole,325,150,175,
Machakel,Yewula,Yejagod,yejagod shallow well,10.382183333333334,37.544875000000005,2148.5,https://akvoflow-23.s3.amazonaws.com/images/edb1fab6-1a18-4ec2-b674-2b6ec348c6b9.jpg,Shallow Borehole,310,158,152,
Machakel,Yewula,Debir,Debir Shallow well,10.394585000000001,37.555944999999994,2213.2999999999997,https://akvoflow-23.s3.amazonaws.com/images/5605ada7-2611-455e-8c26-1d94fec585c3.jpg,Shallow Borehole,180,88,92,
Machakel,Yewula,Yejagod,Yejagod 2,10.388858333333333,37.54644333333333,2176.2,https://akvoflow-23.s3.amazonaws.com/images/52a35d2a-9d60-486a-acfd-66bc83c91edc.jpg,Shallow Borehole,165,79,86,
D/Ellias,Genet,Genet,Genet LSPD,10.209664,37.373803,2141,https://akvoflow-23.s3.amazonaws.com/images/2cfad3c7-c56e-4f69-89c9-2083556b40ab.jpg,Spring,3939,1930,2009,
Gozamen,Wonka,Sentera,Sentera Deep Well,10.352681,37.651246,2201,https://akvoflow-23.s3.amazonaws.com/images/7c557531-a1a4-456c-9650-346c00166f43.jpg,Deep Borehole,2510,1210,1300,
Machakel,Yewula,Yrjagod,Yejahof #2 SW,10.382255,37.544942,2168,https://akvoflow-23.s3.amazonaws.com/images/052583e5-7fd1-435c-b78b-ab01130e7977.jpg,Shallow Borehole,165,79,86,
Machakel,Yewula,Medebay,Medebay SW,10.396291,37.518008,2152,https://akvoflow-23.s3.amazonaws.com/images/b07f608c-ef2a-4676-8a1b-87ac995c230a.jpg,Shallow Borehole,155,74,81,
Gozamen,Libanos,Libanos,Libanos WS,10.276593,37.664361,2228,https://akvoflow-23.s3.amazonaws.com/images/e63f2737-5dd9-4ba4-91bc-ef5020c81fd4.jpg,Shallow Borehole,240,115,125,
Machakel,Yewula,Yewla,Debir SW,10.394716,37.555324,2217,https://akvoflow-23.s3.amazonaws.com/images/fb7faf98-3ca5-4c78-b1dd-0d9abfd1b283.jpg,Shallow Borehole,180,88,92,
Machakel,Yewula,Yewula,Yejagod SW,10.388953,37.546555,2184,https://akvoflow-23.s3.amazonaws.com/images/810cb721-5de0-4eaf-90d2-276e944b49df.jpg,Shallow Borehole,310,152,158,
Gozamen,Yebo,Gemema,Gemema SW,10.29146,37.686951,2274,https://akvoflow-23.s3.amazonaws.com/images/3bc49bdc-3b35-4159-9cc4-03f8432af65e.jpg,Shallow Borehole,270,132,135,
Gozamen,Yebo,Batine,Batine SW,10.298174,37.644247,2285,https://akvoflow-23.s3.amazonaws.com/images/6adb2715-2356-4154-8d16-a43a3b6eb893.jpg,Shallow Borehole,285,140,145,
Sinan,Gedamawit,Kutin,Kutin HDW,10.495427,37.727465,2620,https://akvoflow-23.s3.amazonaws.com/images/df17e170-7742-4182-997f-01b979f80feb.jpg,Hand dug well,95,47,48,
Sinan,Amistya,Chochie,Chochie School HDW,10.559374,37.828636,3279,https://akvoflow-23.s3.amazonaws.com/images/5a47ed7e-eb1a-40d3-9124-fc0c98766eba.jpg,Hand dug well,139,79,60,
Sinan,Gedamawit,Shanko,Shanko HDW,10.542198,37.767969,2954,https://akvoflow-23.s3.amazonaws.com/images/838c14c9-0419-4491-abf9-949356230462.jpg,Hand dug well,137,71,66,
Sinan,Zilan,Sefera,Seferaw HDW,10.517908,37.786166,2623,https://akvoflow-23.s3.amazonaws.com/images/df11a852-7882-4993-8ea1-c089b3e866d9.jpg,Hand dug well,85,42,43,
Sinan,Yeted,Nifassmie,Nifasam HDW,10.428093,37.724281,2623,https://akvoflow-23.s3.amazonaws.com/images/07192e5a-b0d0-4729-a1bd-9ce2f4af6b69.jpg,Hand dug well,144,60,84,
